{"cameraMode":{"drawMode":0,"name":"Shaded","section":"Shading Mode"},"sceneLighting":false,"audioPlay":false,"sceneViewState":{"m_AlwaysRefresh":false,"showFog":true,"showSkybox":false,"showFlares":true,"showImageEffects":true,"showParticleSystems":true,"showVisualEffectGraphs":true,"m_FxEnabled":true},"in2DMode":false,"pivot":{"x":-3.9200000762939455,"y":0.6794992685317993,"z":2.5299999713897707},"rotation":{"x":0.14794132113456727,"y":-0.013351021334528923,"z":0.0019973309244960548,"w":0.9889039397239685},"size":0.9335359334945679,"orthographic":false}