{"cameraMode":{"drawMode":0,"name":"Shaded","section":"Shading Mode"},"sceneLighting":false,"audioPlay":false,"sceneViewState":{"m_AlwaysRefresh":false,"showFog":true,"showSkybox":false,"showFlares":true,"showImageEffects":true,"showParticleSystems":true,"showVisualEffectGraphs":true,"m_FxEnabled":true},"in2DMode":false,"pivot":{"x":2.1716010570526125,"y":0.3570514917373657,"z":23.946369171142579},"rotation":{"x":0.15085983276367188,"y":0.02816973812878132,"z":-0.004300668369978666,"w":0.9881444573402405},"size":10.326351165771485,"orthographic":false}