{"cameraMode":{"drawMode":0,"name":"Shaded","section":"Shading Mode"},"sceneLighting":true,"audioPlay":false,"sceneViewState":{"m_AlwaysRefresh":false,"showFog":true,"showSkybox":true,"showFlares":true,"showImageEffects":true,"showParticleSystems":true,"showVisualEffectGraphs":true,"m_FxEnabled":true},"in2DMode":false,"pivot":{"x":-12.776069641113282,"y":5.295889377593994,"z":22.759998321533204},"rotation":{"x":0.14794132113456727,"y":-0.013351021334528923,"z":0.0019973309244960548,"w":0.9889039397239685},"size":11.851544380187989,"orthographic":false}