{"cameraMode":{"drawMode":0,"name":"Shaded","section":"Shading Mode"},"sceneLighting":true,"audioPlay":false,"sceneViewState":{"m_AlwaysRefresh":false,"showFog":true,"showSkybox":true,"showFlares":true,"showImageEffects":true,"showParticleSystems":true,"showVisualEffectGraphs":true,"m_FxEnabled":true},"in2DMode":false,"pivot":{"x":0.8380883932113648,"y":-14.949546813964844,"z":58.210365295410159},"rotation":{"x":0.17102506756782533,"y":0.017733773216605188,"z":-0.0030787636060267689,"w":0.9851033091545105},"size":35.31354904174805,"orthographic":false}