{"cameraMode":{"drawMode":0,"name":"Shaded","section":"Shading Mode"},"sceneLighting":true,"audioPlay":false,"sceneViewState":{"m_AlwaysRefresh":false,"showFog":true,"showSkybox":true,"showFlares":true,"showImageEffects":true,"showParticleSystems":true,"showVisualEffectGraphs":true,"m_FxEnabled":true},"in2DMode":false,"pivot":{"x":-2.192234992980957,"y":4.143142223358154,"z":11.356985092163086},"rotation":{"x":-0.15803493559360505,"y":0.01095777377486229,"z":-0.001753901713527739,"w":-0.9873732328414917},"size":6.266026496887207,"orthographic":false}