{"cameraMode":{"drawMode":0,"name":"Shaded","section":"Shading Mode"},"sceneLighting":false,"audioPlay":false,"sceneViewState":{"m_AlwaysRefresh":false,"showFog":true,"showSkybox":false,"showFlares":true,"showImageEffects":true,"showParticleSystems":true,"showVisualEffectGraphs":true,"m_FxEnabled":true},"in2DMode":false,"pivot":{"x":-0.2629358768463135,"y":6.84335994720459,"z":-0.09691071510314942},"rotation":{"x":-0.0164992306381464,"y":0.001499796286225319,"z":0.0000247490042966092,"w":0.9998630881309509},"size":9.771235466003418,"orthographic":false}